Chi-square,p-value
5819.000000000001,5.588284214401128e-10
