Chi-square,p-value
34.79587535014005,0.8865018279341886
